Name,Country,City,Genre,Email,Social,Website,Links,Source_URL,Activity,Research_Date,Status,Confidence,Contact_Type,Contact_Source,Outreach_Readiness,Notes
I Am Lucy,Germany,,,,,,,https://www.metalunderground.com/bands/details.cfm?bandid=15064,Active — Metal Underground checked 2026-09-23,2026-09-23,Active,High,,,Contact page/source needed
I Am Novelist,Germany,,,,,,,https://www.metalunderground.com/bands/details.cfm?bandid=16213,Active — Metal Underground checked 2026-09-23,2026-09-23,Active,High,,,Contact page/source needed
I Defy,Germany,,,,,,,https://www.metalunderground.com/bands/details.cfm?bandid=4034,Active — Metal Underground checked 2026-09-23,2026-09-23,Active,High,,,Contact page/source needed
I Spit Ashes,Germany,,,,,,,https://www.metalunderground.com/bands/details.cfm?bandid=9803,Active — Metal Underground checked 2026-09-23,2026-09-23,Active,High,,,Contact page/source needed
Ibyss,Germany,Düsseldorf,,,,,,https://www.metalunderground.com/bands/details.cfm?bandid=29947,Active — Metal Underground checked 2026-09-23,2026-09-23,Active,High,,,Contact page/source needed
Ichor,Germany,,,,,,,https://www.metalunderground.com/bands/details.cfm?bandid=9628,Active — Metal Underground checked 2026-09-23,2026-09-23,Active,High,,,Contact page/source needed
Icon Of Evil,Poland,,,,,,,https://www.metalunderground.com/bands/details.cfm?bandid=20476,Active — Metal Underground checked 2026-09-23,2026-09-23,Active,High,,,,Directory snapshot; refresh with social/contact research.
Ill Neglect,Germany,,,,,,,https://www.metalunderground.com/bands/details.cfm?bandid=19916,Active — Metal Underground checked 2026-09-23,2026-09-23,Active,High,,,Contact page/source needed
Illegimitation,Germany,,,,,,,https://www.metalunderground.com/bands/details.cfm?bandid=930,Active — Metal Underground checked 2026-09-23,2026-09-23,Active,High,,,Contact page/source needed
Illhorda Illtempered,Poland,,,,,,,https://www.metalunderground.com/bands/details.cfm?bandid=7924,Active — Metal Underground checked 2026-09-23,2026-09-23,Active,High,,,,Directory snapshot; refresh with social/contact research.
Illness,Poland,,,,,,,https://www.metalunderground.com/bands/details.cfm?bandid=19023,Active — Metal Underground checked 2026-09-23,2026-09-23,Active,High,,,,Directory snapshot; refresh with social/contact research.
Illum Adora,Germany,Koblenz,,,,,,https://www.metalunderground.com/bands/details.cfm?bandid=26436,Active — Metal Underground checked 2026-09-23,2026-09-23,Active,High,,,Contact page/source needed
Illuminandi,Poland,,,,,,,https://www.metalunderground.com/bands/details.cfm?bandid=9197,Active — Metal Underground checked 2026-09-23,2026-09-23,Active,High,,,,Directory snapshot; refresh with social/contact research.
Imha Tarikat,Germany,,black metal,,,,,https://www.metalunderground.com/bands/details.cfm?bandid=26112,Active — Metal Underground checked 2026-09-23,2026-09-23,Active,High,,,Contact page/source needed
Imperium Dekadenz,Germany,,black metal,,,,,https://www.metalunderground.com/bands/details.cfm?bandid=6910,Active — Metal Underground checked 2026-09-23,2026-09-23,Active,High,,,Contact page/source needed
Implore,Germany,,,,,,,https://www.metalunderground.com/bands/details.cfm?bandid=24726,Active — Metal Underground checked 2026-09-23,2026-09-23,Active,High,,,Contact page/source needed
In Extremo,Germany,Berlin,folk metal,,,,,https://www.metalunderground.com/bands/details.cfm?bandid=2627,Active — Metal Underground checked 2026-09-23,2026-09-23,Active,High,,,Contact page/source needed
In Legend,Germany,,,,,,,https://www.metalunderground.com/bands/details.cfm?bandid=10693,Active — Metal Underground checked 2026-09-23,2026-09-23,Active,High,,,Contact page/source needed
In Twilight's Embrace,Poland,Poznan,melodic death metal,,,,,https://www.metalunderground.com/bands/details.cfm?bandid=8440,Active — Metal Underground checked 2026-09-23,2026-09-23,Active,High,,,,Directory snapshot; refresh with social/contact research.
InDespair,Poland,,,,,,,https://www.metalunderground.com/bands/details.cfm?bandid=20347,Active — Metal Underground checked 2026-09-23,2026-09-23,Active,High,,,,Directory snapshot; refresh with social/contact research.
InDread Cold,Poland,,,,,,,https://www.metalunderground.com/bands/details.cfm?bandid=156,Active — Metal Underground checked 2026-09-23,2026-09-23,Active,High,,,,Directory snapshot; refresh with social/contact research.
Incarnated,Poland,,,,,,,https://www.metalunderground.com/bands/details.cfm?bandid=18451,Active — Metal Underground checked 2026-09-23,2026-09-23,Active,High,,,,Directory snapshot; refresh with social/contact research.
Indian Nightmare,Germany,Berlin,"speed metal, thrash",,,,,https://www.metalunderground.com/bands/details.cfm?bandid=24607,Active — Metal Underground checked 2026-09-23,2026-09-23,Active,High,,,Contact page/source needed
Indignity,Poland,Rybnik,,,,,,https://www.metalunderground.com/bands/details.cfm?bandid=25061,Active — Metal Underground checked 2026-09-23,2026-09-23,Active,High,,,,Directory snapshot; refresh with social/contact research.
Induction,Czechia,Pardubice,symphonic power metal,info@inductionofficial.com,,,,https://www.metalunderground.com/bands/details.cfm?bandid=23360,Active — Metal Underground checked 2026-09-23,2026-09-23,Active,High,Band / general,https://inductionofficial.com/legal-notice/,Email found,Current official site/legal/contact page
Inexorable,Germany,,,,,,,https://www.metalunderground.com/bands/details.cfm?bandid=18644,Active — Metal Underground checked 2026-09-23,2026-09-23,Active,High,,,Contact page/source needed
Infecting The Swarm,Germany,,,,,,,https://www.metalunderground.com/bands/details.cfm?bandid=18155,Active — Metal Underground checked 2026-09-23,2026-09-23,Active,High,,,Contact page/source needed
Infernal Death,Poland,,,,,,,https://www.metalunderground.com/bands/details.cfm?bandid=14311,Active — Metal Underground checked 2026-09-23,2026-09-23,Active,High,,,,Directory snapshot; refresh with social/contact research.
Infernal Invocation,Germany,,,,,,,https://www.metalunderground.com/bands/details.cfm?bandid=9917,Active — Metal Underground checked 2026-09-23,2026-09-23,Active,High,,,Contact page/source needed
Infernal Rites,Germany,,,,,,,https://www.metalunderground.com/bands/details.cfm?bandid=8862,Active — Metal Underground checked 2026-09-23,2026-09-23,Active,High,,,Contact page/source needed
Infernal War,Poland,,,,,,,https://www.metalunderground.com/bands/details.cfm?bandid=8426,Active — Metal Underground checked 2026-09-23,2026-09-23,Active,High,,,,Directory snapshot; refresh with social/contact research.
Infernum,Poland,Wroclaw,,,,,,https://www.metalunderground.com/bands/details.cfm?bandid=3508,Active — Metal Underground checked 2026-09-23,2026-09-23,Active,High,,,,Directory snapshot; refresh with social/contact research.
Infested,Germany,,,,,,,https://www.metalunderground.com/bands/details.cfm?bandid=4273,Active — Metal Underground checked 2026-09-23,2026-09-23,Active,High,,,Contact page/source needed
Infestus,Germany,,,,,,,https://www.metalunderground.com/bands/details.cfm?bandid=10469,Active — Metal Underground checked 2026-09-23,2026-09-23,Active,High,,,Contact page/source needed
Infliction,Poland,,,,,,,https://www.metalunderground.com/bands/details.cfm?bandid=16948,Active — Metal Underground checked 2026-09-23,2026-09-23,Active,High,,,,Directory snapshot; refresh with social/contact research.
Ingurgitating Oblivion,Germany,,technical death metal,,,,,https://www.metalunderground.com/bands/details.cfm?bandid=5434,Active — Metal Underground checked 2026-09-23,2026-09-23,Active,High,,,Contact page/source needed
Inner Axis,Germany,Kiel,,,,,,https://www.metalunderground.com/bands/details.cfm?bandid=25253,Active — Metal Underground checked 2026-09-23,2026-09-23,Active,High,,,Contact page/source needed
Inner Core,Germany,Lörrach,,,,,,https://www.metalunderground.com/bands/details.cfm?bandid=29505,Active — Metal Underground checked 2026-09-23,2026-09-23,Active,High,,,Contact page/source needed
Inner Sanctum,Germany,,,,,,,https://www.metalunderground.com/bands/details.cfm?bandid=15561,Active — Metal Underground checked 2026-09-23,2026-09-23,Active,High,,,Contact page/source needed
Insidius,Poland,,,,,,,https://www.metalunderground.com/bands/details.cfm?bandid=32618,Active — Metal Underground checked 2026-09-23,2026-09-23,Active,High,,,,Directory snapshot; refresh with social/contact research.
Interceptor,Poland,Poznań,"crossover, hardcore, thrash metal",,,,,https://www.metal-archives.com/bands/Interceptor/3540480946,Active — Metal Archives record checked 2026-09-23,2026-09-23,Active,High,,,,Current record/addition verified in 2026.
Iperyt,Poland,Katowice,,,,,,https://www.metalunderground.com/bands/details.cfm?bandid=6483,Active — Metal Underground checked 2026-09-23,2026-09-23,Active,High,,,,Directory snapshot; refresh with social/contact research.
Iscariota,Poland,Sosnowiec,"heavy, thrash metal",,,,,https://www.metal-archives.com/bands/Iscariota/57826,Active — Metal Archives record checked 2026-09-23,2026-09-23,Active,High,,,,Current record/addition verified in 2026.
Iubaris,Poland,,,,,,,https://www.metalunderground.com/bands/details.cfm?bandid=12361,Active — Metal Underground checked 2026-09-23,2026-09-23,Active,High,,,,Directory snapshot; refresh with social/contact research.
J.D. Overdrive,Poland,,,,,,,https://www.metalunderground.com/bands/details.cfm?bandid=10692,Active — Metal Underground checked 2026-09-23,2026-09-23,Active,High,,,,Directory snapshot; refresh with social/contact research.
Jarun,Poland,,,,,,,https://www.metalunderground.com/bands/details.cfm?bandid=9643,Active — Metal Underground checked 2026-09-23,2026-09-23,Active,High,,,,Directory snapshot; refresh with social/contact research.
Johnny Trzy Palce,Poland,,,,https://www.facebook.com/johnnytrzypalce/,,,https://www.facebook.com/johnnytrzypalce/,2026 release and live performance verified,2026-09-23,Active,High
Kalt Vindur,Poland,,"death metal, melodic black",,,,,https://www.metalunderground.com/bands/details.cfm?bandid=28389,Active — Metal Underground checked 2026-09-23,2026-09-23,Active,High,,,,Directory snapshot; refresh with social/contact research.
Kat,Poland,Katowice,"heavy, thrash metal",,,,,https://www.metalunderground.com/bands/details.cfm?bandid=5517,Active — Metal Underground checked 2026-09-23,2026-09-23,Active,High,,,,Directory snapshot; refresh with social/contact research.
Keres,Czechia,,"black, death metal",,,,,https://www.tourforger.com/concerts/metal/czech-republic/2026,2026 activity verified,2026-09-23,Active,High,,,Contact page/source needed,2026 festival/tour listing