index,venue_seed intake columns — re-importable as-is,Unnamed: 1,Unnamed: 2,Unnamed: 3,Unnamed: 4,Unnamed: 5,Unnamed: 6,Unnamed: 7,Unnamed: 8,Unnamed: 9,Unnamed: 10,Unnamed: 11,Unnamed: 12,Unnamed: 13,Unnamed: 14,Unnamed: 15,Unnamed: 16
0,Name,City,Country,Address,Website,Audience_Genre,Capacity,Booking_Contact,Email,Public_Financial_Info,Status,Source_URL,Research_Date,Target_Fit,Contact_Quality,Outreach_Angle,Notes
1,AK PG Kwadratowa,Gdańsk,Poland,"Siedlicka 4, Gdansk",https://kwadratowa.pl,"rock, pop, alternative",,,,Not publicly disclosed in reviewed public source.,,https://goout.net/en/gdansk/clubs/lvzvpdmkkzr/,2026-09-22,High,Address only,Metal/rock club pitch,Student concert club.
2,Autsajder,Gdańsk,Poland,"ul. Do Studzienki 34A, Gdansk",,"rock, alternative",,,,Not publicly disclosed in reviewed public source.,,https://goout.net/en/gdansk/clubs/lvzvpdmkkzr/,2026-09-22,High,Address only,Metal/rock club pitch,University-adjacent club.
3,B90,Gdańsk,Poland,"ul. Elektryków, Gdansk",https://b90.pl,"rock, metal, alternative, electronic",,,,Not publicly disclosed in reviewed public source.,,https://goout.net/en/gdansk/venues/lvzvpdmkk/,2026-09-22,High,Address only,Metal/rock club pitch,Industrial shipyard venue; major national/international concerts.
4,Bunkier,Gdańsk,Poland,"ul. Olejarna 3, Gdansk",,"rock, alternative, electronic",,,,Not publicly disclosed in reviewed public source.,,https://goout.net/en/gdansk/clubs/lvzvpdmkkzr/,2026-09-22,High,Address only,Metal/rock club pitch,Basement club.
5,Drizzly Grizzly,Gdańsk,Poland,"ul. Elektryków 1, Gdansk",https://drizzlygrizzly.pl,"alternative, rock, electronic",,,,Not publicly disclosed in reviewed public source.,,https://goout.net/en/gdansk/venues/lvzvpdmkk/,2026-09-22,High,Address only,Metal/rock club pitch,Shipyard district concert venue.
6,Klub Muzyczny Parlament,Gdańsk,Poland,"ul. Św. Ducha 2, Gdansk",https://www.parlament.com.pl,"pop, rock, alternative",,,,Not publicly disclosed in reviewed public source.,,https://goout.net/en/gdansk/clubs/lvzvpdmkkzr/,2026-09-22,High,Address only,Metal/rock club pitch,Long-running concert club.
7,Paszcza Lwa,Gdańsk,Poland,"ul. Kwietna 39, Gdansk",,"rock, alternative",,,,Not publicly disclosed in reviewed public source.,,https://goout.net/en/gdansk/clubs/lvzvpdmkkzr/,2026-09-22,High,Address only,Metal/rock club pitch,Live club.
8,Protokultura,Gdańsk,Poland,"Niterów 29B, Gdansk",https://protokultura.pl,"electronic, alternative, rock",,,,Not publicly disclosed in reviewed public source.,,https://goout.net/en/gdansk/clubs/lvzvpdmkkzr/,2026-09-22,High,Address only,Metal/rock club pitch,Cultural/club venue.
9,Stary Maneż,Gdańsk,Poland,"ul. J. Słowackiego 23, Gdansk",https://starymanez.pl,"pop, rock, alternative",,,,Not publicly disclosed in reviewed public source.,,https://goout.net/en/gdansk/venues/lvzvpdmkk/,2026-09-22,High,Address only,Metal/rock club pitch,Large concert hall.
10,Tkacka Music Club,Gdańsk,Poland,"ul. Tkacka 9, Gdansk",,"rock, pop, dj",,,,Not publicly disclosed in reviewed public source.,,https://goout.net/en/gdansk/clubs/lvzvpdmkkzr/,2026-09-22,High,Address only,Metal/rock club pitch,Central live music club.
11,Wydział Remontowy,Gdańsk,Poland,"Doki 1, Gdansk",,"rock, alternative, electronic",,,,Not publicly disclosed in reviewed public source.,,https://goout.net/en/gdansk/clubs/lvzvpdmkkzr/,2026-09-22,High,Address only,Metal/rock club pitch,Shipyard district.
12,Sanity Check Tour,Gorzów Wielkopolski,,,,,,,,,,,,,,,
13,Seiðr 2026,Hradec Králové,,,,,,,,,,,,,,,
14,Pole festiwalowe Zakręć Śmigłem,Kaliszkowice Kaliskie,,,,,,,,,,,,,,,
15,Katofonia,Katowice,Poland,"ul. Mariacka 18a, Katowice",,"rock, jazz, alternative",,,,Not publicly disclosed in reviewed public source.,,https://goout.net/en/katowice/venues/lvzckdmkk/,2026-09-22,High,Address only,Metal/rock club pitch,Downtown live venue.
16,Klub Muzyczny Faust,Katowice,Poland,"ul. Złota 1, Katowice",,"rock, live, party",,,,Not publicly disclosed in reviewed public source.,,https://goout.net/en/katowice/venues/lvzckdmkk/,2026-09-22,High,Address only,Metal/rock club pitch,Music club.
17,Królestwo,Katowice,Poland,"Rondo im. gen. Jerzego Ziętka 1, Katowice",,"alternative, electronic, live",,,,Not publicly disclosed in reviewed public source.,,https://goout.net/en/katowice/clubs/lvzrjdmkkzr/,2026-09-22,Medium,Address only,Alternative/indie live pitch,Cultural club with diverse programming.
18,P23 Katowice,Katowice,Poland,"ul. Porcelanowa 23, Katowice",https://p23.com.pl,"electronic, alternative, live",,,,Not publicly disclosed in reviewed public source.,,https://goout.net/en/katowice/venues/lvzckdmkk/,2026-09-22,Medium,Address only,Alternative/indie live pitch,Industrial venue at Fabryka Porcelany.
19,Przestrzeń Miejska - Katowice,Katowice,Poland,"ul. Mariacka, Katowice",,"pop, electronic, alternative",,,,Not publicly disclosed in reviewed public source.,,https://goout.net/en/katowice/venues/lvzckdmkk/,2026-09-22,Medium,Address only,Alternative/indie live pitch,Open/event space.
20,Teatr Old Timers Garage,Katowice,Poland,"Jankego 132, Katowice",,"rock, blues, covers",,,,Not publicly disclosed in reviewed public source.,,https://goout.net/en/katowice/clubs/lvzckdmkkzr/,2026-09-22,High,Address only,Metal/rock club pitch,Live music/theatre.
21,Walcownia,Katowice,Poland,"11 Listopada 50, Katowice",,"rock, alternative, electronic",,,,Not publicly disclosed in reviewed public source.,,https://goout.net/en/katowice/venues/lvzckdmkk/,2026-09-22,High,Address only,Metal/rock club pitch,Large industrial event context.
22,Alchemia,Kraków,Poland,"ul. Estery 5, Cracow",https://alchemia.com.pl,"alternative, jazz, experimental",,,,Not publicly disclosed in reviewed public source.,,https://goout.net/en/cracow/clubs/lvzrjdmkkzr/,2026-09-22,Medium,Address only,Alternative/indie live pitch,Kazimierz cultural venue.
23,Forum Przestrzenie,Kraków,Poland,"ul. Konopnickiej 28, Cracow",https://forumprzestrzenie.com,"electronic, pop, alternative",,,,Not publicly disclosed in reviewed public source.,,https://goout.net/en/cracow/clubs/lvzrjdmkkzr/,2026-09-22,Medium,Address only,Alternative/indie live pitch,Mixed event venue.
24,Jazz Rock Cafe,Kraków,Poland,"ul. Sławkowska 12, Cracow",,"rock, jazz",,,,Not publicly disclosed in reviewed public source.,,https://goout.net/en/cracow/clubs/lvzrjdmkkzr/,2026-09-22,High,Address only,Metal/rock club pitch,Rock/jazz oriented bar.
25,Klub Forty Kleparz,Kraków,Poland,"ul. Kamienna 2, Cracow",https://40tk.pl,"rock, alternative, pop",,,,Not publicly disclosed in reviewed public source.,,https://goout.net/en/cracow/clubs/lvzrjdmkkzr/,2026-09-22,High,Address only,Metal/rock club pitch,Club known for live concerts.
26,Klub Kwadrat,Kraków,Poland,"ul. Skarżyńskiego 1, Cracow",https://www.klubkwadrat.pl,"rock, pop, underground",,biuro@klubkwadrat.pl,,searched: none found,,https://goout.net/en/klub-kwadrat/vzubgb/,2026-09-22,High,Booking email,Metal/rock club pitch,Frequent sold-out concerts by Polish/foreign acts.
27,Klub Piękny Pies,Kraków,Poland,"pl. Wolnica 9, Cracow",,"indie, alternative, electronic",,,,Not publicly disclosed in reviewed public source.,,https://goout.net/en/cracow/clubs/lvzrjdmkkzr/,2026-09-22,Medium,Address only,Alternative/indie live pitch,Eclectic club.
28,Klub Re,Kraków,Poland,"ul. Świętego Krzyża 4, Cracow",https://www.klubre.pl,"indie, alternative, touring bands",,klubre@gmail.com,,searched: none found,,https://goout.net/en/klub-re/vziikb/,2026-09-22,Medium,Booking email,Alternative/indie live pitch,Small venue notable for touring international indie acts.
29,Klub Studencki Żaczek,Kraków,Poland,"al. 3 Maja 5, Cracow",https://klubzaczek.pl,"rock, alternative, student",,,,Not publicly disclosed in reviewed public source.,,https://goout.net/en/cracow/clubs/lvzrjdmkkzr/,2026-09-22,High,Address only,Metal/rock club pitch,Student cultural club.
30,Klub Studio,Kraków,Poland,"ul. Budryka 4, Cracow",https://www.klubstudio.pl,"rock, pop, metal, alternative",,,,Not publicly disclosed in reviewed public source.,,https://goout.net/en/cracow/clubs/lvzrjdmkkzr/,2026-09-22,High,Address only,Metal/rock club pitch,Large student concert venue.
31,Klub Zaścianek,Kraków,Poland,"ul. Rostafińskiego 4, Cracow",https://www.zasciank.pl,"rock, metal, indie",,,,Not publicly disclosed in reviewed public source.,,https://goout.net/en/cracow/clubs/lvzrjdmkkzr/,2026-09-22,High,Address only,Metal/rock club pitch,Student club with frequent live music.
32,Fabryka Kultury Zgrzyt,Lublin,Poland,"al. Piłsudskiego 13, Lublin",,"rock, metal, alternative",,,,Not publicly disclosed in reviewed public source.,,https://goout.net/en/lublin/venues/lvzymdmkk/,2026-09-22,High,Address only,Metal/rock club pitch,Key Lublin live-music club; strong target fit.
33,Helium Club,Lublin,Poland,"ul. Hempla 5, Lublin",,"pop, dj, alternative",,,,Not publicly disclosed in reviewed public source.,,https://goout.net/en/lublin/clubs/lvzymdmkkzr/,2026-09-22,Medium,Address only,Alternative/indie live pitch,Mixed programming.
34,Klub 30,Lublin,Poland,"ul. Jasna 7, Lublin",,"pop, party",,,,Not publicly disclosed in reviewed public source.,,https://goout.net/en/lublin/clubs/lvzymdmkkzr/,2026-09-22,Low,Address only,Crossover / audience-fit pitch,Pop/nightlife.
35,Klub Graffiti,Lublin,Poland,"ul. Bernardyńska 3, Lublin",https://www.graffiti.lublin.pl,"rock, student, pop",,,,Not publicly disclosed in reviewed public source.,,https://goout.net/en/lublin/clubs/lvzymdmkkzr/,2026-09-22,High,Address only,Metal/rock club pitch,Historic Lublin club.
36,New Vegas,Lublin,Poland,"ul. Bernardyńska 3, Lublin",,"pop, dj",,,,Not publicly disclosed in reviewed public source.,,https://goout.net/en/lublin/clubs/lvzymdmkkzr/,2026-09-22,Low,Address only,Crossover / audience-fit pitch,Nightlife.
37,Piękna Pszczoła,Lublin,Poland,"Plac Teatralny 1, Lublin",,"alternative, pop",,,,Not publicly disclosed in reviewed public source.,,https://goout.net/en/lublin/clubs/lvzymdmkkzr/,2026-09-22,Medium,Address only,Alternative/indie live pitch,Venue at Centre for the Meeting of Cultures cluster.
38,Rock Pub Ramzes,Lublin,Poland,"ul. H. Kołłątaja 3, Lublin",,"rock, metal",,,,Not publicly disclosed in reviewed public source.,,https://goout.net/en/lublin/clubs/lvzymdmkkzr/,2026-09-22,High,Address only,Metal/rock club pitch,Rock-oriented pub.
39,Sanity Check Tour,Namysłów,,,,,,,,,,,,,,,
40,BaRock Club,Poznań,Poland,"ul. Wielka 9, Poznan",https://www.barockclub.pl,"rock, rock'n'roll",,barockclub@wp.pl,,searched: none found,,https://goout.net/en/barock-club/vzfsib/,2026-09-22,High,Booking email,Metal/rock club pitch,Rock'n'roll pub with concerts.
41,Blue Note,Poznań,Poland,"ul. Kościuszki 79, Poznan",https://bluenote.poznan.pl,"jazz, soul, alternative",,,,Not publicly disclosed in reviewed public source.,,https://goout.net/en/poznan/clubs/lvzxndmkkzr/,2026-09-22,Medium,Address only,Alternative/indie live pitch,Jazz-first; crossover depending artist.
42,Dragon Social Club,Poznań,Poland,"ul. Zamkowa 3, Poznan",,"alternative, indie, experimental",,,,Not publicly disclosed in reviewed public source.,,https://goout.net/en/poznan/clubs/lvzxndmkkzr/,2026-09-22,Medium,Address only,Alternative/indie live pitch,Multicultural programming.
43,Klub Muzyczny B17,Poznań,Poland,"Bułgarska 17, Poznan",,"rock, pop, large club shows",1500,,,searched: none found,,https://goout.net/en/klub-muzyczny-b17/vzvjub/,2026-09-22,High,Phone,Metal/rock club pitch,"About 1,500 concert capacity; large professional sound/light system."
44,Klub pod Minogą,Poznań,Poland,"ul. Nowowiejskiego 8, Poznan",,"rock, guitar, eclectic",,minogakoncert@gmail.com,,searched: none found,,https://goout.net/en/klub-pod-minoga/vzykib/,2026-09-22,High,Booking email,Metal/rock club pitch,Long-running guitar-music venue.
45,KontenerART,Poznań,Poland,"ul. Ewangelicka, Poznan",https://kontenerart.pl,"alternative, electronic, indie",,,,Not publicly disclosed in reviewed public source.,,https://goout.net/en/poznan/clubs/lvzxndmkkzr/,2026-09-22,Medium,Address only,Alternative/indie live pitch,Seasonal culture/event venue.
46,NaFalach,Poznań,Poland,"ul. Wiankowa 3, Poznan",,"pop, electronic, festival",,,,Not publicly disclosed in reviewed public source.,,https://goout.net/en/poznan/clubs/lvzxndmkkzr/,2026-09-22,Low,Address only,Crossover / audience-fit pitch,Seasonal/open-air.
47,Nocny Targ Towarzyski,Poznań,Poland,"ul. Kolejowa 23, Poznan",,"pop, electronic, alternative",,,,Not publicly disclosed in reviewed public source.,,https://goout.net/en/poznan/clubs/lvzxndmkkzr/,2026-09-22,Medium,Address only,Alternative/indie live pitch,Large seasonal/event programming.
48,Projekt LAB,Poznań,Poland,"ul. Grochowe Łąki 5, Poznan",,"electronic, techno",,,,Not publicly disclosed in reviewed public source.,,https://goout.net/en/poznan/clubs/lvzxndmkkzr/,2026-09-22,Low,Address only,Crossover / audience-fit pitch,Primarily electronic.
49,Schron,Poznań,Poland,"ul. Kościuszki 68, Poznan",,"electronic, underground",,,,Not publicly disclosed in reviewed public source.,,https://goout.net/en/poznan/clubs/lvzxndmkkzr/,2026-09-22,Low,Address only,Crossover / audience-fit pitch,Underground club; crossover possible.
50,Tama,Poznań,Poland,"ul. Niezłomnych 2, Poznan",https://tama.pl,"pop, rock, alternative, electronic",,,,Not publicly disclosed in reviewed public source.,,https://goout.net/en/poznan/clubs/lvzxndmkkzr/,2026-09-22,High,Address only,Metal/rock club pitch,Major club venue.
51,U Bazyla,Poznań,Poland,"ul. Norwida 18A, Poznan",,"metal, rock, guitar music",,bazyl.klub@poczta.onet.pl,,searched: none found,,https://goout.net/en/u-bazyla/vzmmib/,2026-09-22,High,Booking email,Metal/rock club pitch,Strong metal emphasis; touring guitar bands.
52,Klub Vinyl,Rzeszów,Poland,"Al. Piłsudskiego 31, Rzeszów",,"rock, alternative",,,,Not publicly disclosed in reviewed public source.,,https://goout.net/en/rzeszow/clubs/lvzukdmkkzr/,2026-09-22,High,Address only,Metal/rock club pitch,Club.
53,Life House,Rzeszów,Poland,"Aleja Tadeusza Rejtana 1, Rzeszów",,"pop, rock, electronic",,,,Not publicly disclosed in reviewed public source.,,https://goout.net/en/rzeszow/clubs/lvzukdmkkzr/,2026-09-22,High,Address only,Metal/rock club pitch,Club/event space.
54,Lord Jack Rzeszów,Rzeszów,Poland,"Rynek 4, Rzeszów",,"pop, rock, dj",,,,Not publicly disclosed in reviewed public source.,,https://goout.net/en/rzeszow/clubs/lvzukdmkkzr/,2026-09-22,High,Address only,Metal/rock club pitch,Central club.
55,Lukr Club,Rzeszów,Poland,"Ul. Kopisto 1, Rzeszów",,"pop, electronic",,,,Not publicly disclosed in reviewed public source.,,https://goout.net/en/rzeszow/clubs/lvzukdmkkzr/,2026-09-22,Low,Address only,Crossover / audience-fit pitch,Large nightlife venue.
56,Pod Palmą,Rzeszów,Poland,"ul. Cicha 4a, Rzeszów",,"rock, alternative, pop",,,,Not publicly disclosed in reviewed public source.,,https://goout.net/en/rzeszow/clubs/lvzukdmkkzr/,2026-09-22,High,Address only,Metal/rock club pitch,Core live-music target.
57,After Ego,Szczecin,Poland,"Plac Stefana Batorego 4, Szczecin",,"electronic, alternative",,,,Not publicly disclosed in reviewed public source.,,https://goout.net/en/szczecin/clubs/lvzelemkkzr/,2026-09-22,Medium,Address only,Alternative/indie live pitch,Club.
58,Elefunk,Szczecin,Poland,"ul. Żołnierza Polskiego 2, Szczecin",,"rock, alternative",,,,Not publicly disclosed in reviewed public source.,,https://goout.net/en/szczecin/clubs/lvzelemkkzr/,2026-09-22,High,Address only,Metal/rock club pitch,Live club.
59,Free Blues Club,Szczecin,Poland,"ul. Powstańców Wielkopolskich 20, Szczecin",https://freebluesclub.pl,"blues, rock",,,,Not publicly disclosed in reviewed public source.,,https://goout.net/en/szczecin/clubs/lvzelemkkzr/,2026-09-22,High,Address only,Metal/rock club pitch,Blues/rock-focused.
60,Hala Odra,Szczecin,Poland,"Bulwar Maurycego Beniowskiego 5, Szczecin",,"electronic, alternative, live",,,,Not publicly disclosed in reviewed public source.,,https://goout.net/en/szczecin/venues/lvzelemkk/,2026-09-22,Medium,Address only,Alternative/indie live pitch,Industrial waterfront event venue.
61,Jazzment Klub,Szczecin,Poland,"ul. Kurkowa 4/1, Szczecin",,"jazz, alternative",,,,Not publicly disclosed in reviewed public source.,,https://goout.net/en/szczecin/clubs/lvzelemkkzr/,2026-09-22,Medium,Address only,Alternative/indie live pitch,Jazz-first.
62,Kosmos,Szczecin,Poland,"Wojska Polskiego 8, Szczecin",,"alternative, pop, film",,,,Not publicly disclosed in reviewed public source.,,https://goout.net/en/szczecin/venues/lvzelemkk/,2026-09-22,Medium,Address only,Alternative/indie live pitch,Multifunctional culture venue.
63,Krzywy Gryf,Szczecin,Poland,"ul. Kolumba 5, Szczecin",,"rock, metal, alternative",,,,Not publicly disclosed in reviewed public source.,,https://goout.net/en/szczecin/clubs/lvzelemkkzr/,2026-09-22,High,Address only,Metal/rock club pitch,Strong live/alternative fit.
64,Peron 5,Szczecin,Poland,"ul. Stefana Czarnieckiego 8i, Szczecin",,"electronic, alternative",,,,Not publicly disclosed in reviewed public source.,,https://goout.net/en/szczecin/clubs/lvzelemkkzr/,2026-09-22,Medium,Address only,Alternative/indie live pitch,Club.
65,Alive,Wrocław,Poland,"Kolejowa 12, Wrocław",,"rock, metal, alternative",,,,Not publicly disclosed in reviewed public source.,,https://www.google.com/maps/search/?api=1&query=Alive+Wroclaw,2026-09-22,High,Phone,Metal/rock club pitch,Live music club.
66,Centrum Koncertowe A2,Wrocław,Poland,"Góralska 5, Wrocław",https://klub-a2.pl,"rock, metal, pop",,,,Not publicly disclosed in reviewed public source.,,https://www.google.com/maps/search/?api=1&query=Centrum+Koncertowe+A2+Wroclaw,2026-09-22,High,Address only,Metal/rock club pitch,Major concert venue.
67,Ciało,Wrocław,Poland,Wrocław,,"electronic, experimental",,,,Not publicly disclosed in reviewed public source.,,https://goout.net/en/raev/pzylbvf/,2026-09-22,Low,Address only,Crossover / audience-fit pitch,Primarily electronic.
68,Firlej,Wrocław,Poland,Wrocław,https://firlej.wroc.pl,"alternative, jazz, experimental",,,,Not publicly disclosed in reviewed public source.,,https://goout.net/en/wroclaw/clubs/,2026-09-22,Medium,Address only,Alternative/indie live pitch,Cultural center with live music.
69,Narodowe Forum Muzyki,Wrocław,Poland,"plac Wolności 1, Wrocław",https://www.nfm.wroclaw.pl,"classical, crossover, contemporary",,,,Not publicly disclosed in reviewed public source.,,https://www.google.com/maps/search/?api=1&query=National+Forum+of+Music+Wroclaw,2026-09-22,Low,Phone,Crossover / audience-fit pitch,Large institutional venue; lower priority for club metal.
70,Nietota,Wrocław,Poland,"Kazimierza Wielkiego 50, Wrocław",,"alternative, pop, dj",,,,Not publicly disclosed in reviewed public source.,,https://www.google.com/maps/search/?api=1&query=Nietota+Wroclaw,2026-09-22,Medium,Phone,Alternative/indie live pitch,Mixed live/DJ nightlife; less target-fit for metal.
71,Pola Marsowe,Wrocław,Poland,"Zalesie, Wrocław",,"rock, pop, festival",,,,Not publicly disclosed in reviewed public source.,,https://www.google.com/maps/search/?api=1&query=Pola+Marsowe+Wroclaw,2026-09-22,High,Address only,Metal/rock club pitch,Outdoor/event scale.
72,Stary Klasztor,Wrocław,Poland,"Jana Ewangelisty Purkyniego 1, Wrocław",https://www.staryklasztor.com.pl,"rock, folk, pop, singer-songwriter",,,,Not publicly disclosed in reviewed public source.,,https://www.google.com/maps/search/?api=1&query=Stary+Klasztor+Wroclaw,2026-09-22,High,Phone,Metal/rock club pitch,Large multi-room cultural/concert venue.
73,Transformator,Wrocław,Poland,Wrocław,,"electronic, experimental",,,,Not publicly disclosed in reviewed public source.,,https://goout.net/en/raev/pzylbvf/,2026-09-22,Low,Address only,Crossover / audience-fit pitch,Primarily electronic; crossover only.
74,WŁĄCZ SIĘ NA NOWE! NOOMN * VIRYA,Wrocław,,,,,,,,,,,,,,,
75,Łykend,Wrocław,Poland,Wrocław,,"rock, indie, alternative",,,,Not publicly disclosed in reviewed public source.,closed,https://www.facebook.com/Lykendcklub/,2026-09-22,High,Address only,Metal/rock club pitch,Historic live-music stop; verify current programming before outreach.
76,Hydrozagadka,Warsaw,Poland,"11 Listopada 22, 03-436 Warszawa",https://hydrozagadka.com/en/,"rock, metal, alternative, punk",300,,hydrozagadkaklub@gmail.com,No public booking deal terms found in reviewed public source,Active,https://biletomat.pl/wydarzenia/w/warszawa/w/hydrozagadka,2026-09-23,High,Direct public email,Pitch as Warsaw club routing / modern metalcore bill,300–350 concert capacity reported; long-running alternative concert room.
77,Wooltura,Łódź,Poland,"Wólczańska 40/42, 90-608 Łódź",https://www.facebook.com/wooltura,"metal, rock, hardcore, alternative",180,,,No public booking deal terms found in reviewed public source,Active,https://visitlodz.com/klub-wooltura/,2026-09-23,High,Website/social only,Small-room metal routing; emerging and touring bills,Regular live bands; venue explicitly described as a place for new bands.
78,Over The Under Pub,Bydgoszcz,Poland,"Dworcowa 51, 85-009 Bydgoszcz",https://overtheunder.pl/pub/,"rock, metal, punk, alternative",500,,overtheunderpub@gmail.com,No public booking deal terms found in reviewed public source,Active,https://bydgoszczmusic.com/en/spaces/music-clubs/,2026-09-23,High,Direct public email,500-capacity alternative room; strong guitar-music fit,Bydgoszcz underground; source lists approx. 500 capacity and rock/metal programming.
79,Naumanns Tanzlokal,Leipzig,Germany,"Karl-Heine-Straße 32, 04229 Leipzig",https://www.felsenkeller-leipzig.com/,"rock, metal, hardcore, alternative",300,,info@felsenkeller-leipzig.com,No public booking deal terms found in reviewed public source,Active,https://miz.org/en/institutions/naumanns-tanzlokal-i36470,2026-09-23,High,Direct public email,Leipzig club routing; metal/hardcore support bills,300 capacity; ~180 popular-music concerts/year; current 2026 metal shows listed.
80,Futurum Music Bar,Prague,Czechia,"Zborovská 7, 150 00 Praha 5",https://futurum.musicbar.cz/,"hardcore, metal, rock, punk",400,,futurum@musicbar.cz,No public booking deal terms found in reviewed public source,Active,https://www.pragueout.cz/klub/kluby-praha/futurum,2026-09-23,High,Direct public email,Ideal 400-room Czech routing stop for metalcore/hardcore,Current Prague venue; multiple public sources place capacity at 400–500.
81,Modrá Vopice,Prague,Czechia,"K Žižkovu 381/1, Praha",http://www.modravopice.eu,"metal, rock, punk",150,,produkce@modravopice.eu,No public booking deal terms found in reviewed public source,Active,https://adresar.soundczech.cz/en/?capacity%5B%5D=0-200&capacity%5B%5D=1500-4000&capacity%5B%5D=200-500&capacity%5B%5D=4000-inf&genres%5B%5D=74&genres%5B%5D=75&genres%5B%5D=77&regions%5B%5D=hlavni-mesto-praha&regions%5B%5D=karlovarsky-kraj&regions%5B%5D=kraj-vysocina&regions%5B%5D=liberecky-kraj&regions%5B%5D=plzensky-kraj&regions%5B%5D=zlinsky-kraj&type=mista,2026-09-23,High,Direct public email,DIY/underground Prague stop; compact room,SoundCzech lists 150 capacity and metal/rock programming.
82,Nová Chmelnice,Prague,Czechia,"Koněvova 2597/219, Praha 3, 130 00",https://www.novachmelnice.cz/,"hardcore, metal, punk, rock, alternative",300,,novachmelnice@gmail.com,No public booking deal terms found in reviewed public source,Active,https://adresar.soundczech.cz/en/?capacity%5B%5D=0-200&capacity%5B%5D=1500-4000&capacity%5B%5D=200-500&capacity%5B%5D=4000-inf&genres%5B%5D=74&genres%5B%5D=75&genres%5B%5D=77&regions%5B%5D=hlavni-mesto-praha&regions%5B%5D=karlovarsky-kraj&regions%5B%5D=kraj-vysocina&regions%5B%5D=liberecky-kraj&regions%5B%5D=plzensky-kraj&regions%5B%5D=zlinsky-kraj&type=mista,2026-09-23,High,Direct public email,300-cap Prague club with explicit hardcore/metal tags,SoundCzech lists 300 capacity and hardcore/metal/punk/rock genres.
83,Kabinet Múz,Brno,Czechia,"Sukova 49/4, 602 00 Brno",http://www.kabinetmuz.cz,"hardcore, metal, punk, rock, alternative",230,,info@kabinetmuz.cz,No public booking deal terms found in reviewed public source,Active,https://openhousebrno.cz/en/kabinet-muz,2026-09-23,High,Direct public email,Brno small-room route; heavy alternative and hardcore bills,Renovated black-box hall accommodates about 230 concert-goers; SoundCzech tags metal/hardcore.
84,Melodka,Brno,Czechia,"Pisárecká 525/7a, 603 00 Brno",https://www.melodka.cz/,"metal, hardcore, rock, alternative",350,,,No public booking deal terms found in reviewed public source,Active,https://www.darkzin.cz/kluby-cesko/melodka/,2026-09-23,High,Website only,Strong Brno metal route; 2026 extreme-metal bills,Active in current location; current source reports up to 350 capacity and 2026 metal/hardcore events.
85,m13 klub,Brno,Czechia,"Benešova 22, 602 00 Brno",https://www.m13.cz/,"metal, rock",150,,info@m13.cz,No public booking deal terms found in reviewed public source,Active,https://adresar.soundczech.cz/en/?genres%5B%5D=65&genres%5B%5D=66&genres%5B%5D=70&regions%5B%5D=jihomoravsky-kraj&regions%5B%5D=karlovarsky-kraj&type=mista,2026-09-23,Medium,Direct public email,Tiny heavy-music room for lower-cost Czech routing,SoundCzech lists 150 capacity and metal/rock focus.
86,Barrák music club,Ostrava,Czechia,"Fügnerova 595/1, 702 00 Ostrava",https://www.barrak-club.cz/,"metal, hardcore, rock, punk",800,,,No public booking deal terms found in reviewed public source,Active,https://www.orlovezabavy.cz/profile-19204-barrak-music-club,2026-09-23,High,Website only,High-value Ostrava stop; can support larger shared bills,Main hall up to 800 plus smaller 100-cap hall; current programming includes metal and hardcore.
87,Majestic Music Club,Bratislava,Slovakia,"Karpatská 2, 811 05 Bratislava",https://majestic.sk/,"metal, rock, punk, alternative",600,,booking@openrock.sk,No public booking deal terms found in reviewed public source,Active,https://majestic.sk/,2026-09-23,High,Direct booking email,600-cap Bratislava stop for Czech/Slovak/Polish routing,Official site lists current 2026 rock programming and booking@openrock.sk; external venue source reports up to 600 standing.
88,Badehaus Berlin,Berlin,Germany,"Revaler Straße 99, 10245 Berlin",https://badehaus-berlin.com,"live music, rock, metal, alternative",250,booking@badehaus-berlin.com,booking@badehaus-berlin.com,No public booking deal terms found in reviewed public source,Active,https://badehaus-berlin.com/en/veranstalter/,2026-09-23,High,Direct public booking email,Pitch modern metalcore/deathcore club show,350+ concerts/parties yearly; main floor 250 concert guests.
89,Cassiopeia Berlin,Berlin,Germany,"Revaler Str. 99, 10245 Berlin",https://www.cassiopeia-berlin.de,"metalcore, hardcore, rock, alternative",728,,info@cassiopeia-berlin.de,No public booking deal terms found in reviewed public source,Active,https://www.cassiopeia-berlin.de/club,2026-09-23,High,General public email,Pitch modern metalcore/hardcore bill,"2026 programming includes Metalcore, Straight Edge Hardcore, Doom Metal and Metal shows."
90,Stellwerk Hamburg,Hamburg,Germany,"Hannoversche Str. 85, 21079 Hamburg",https://stellwerk-hamburg.de,"live music, rock, hardcore, alternative",199,,kontakt@stellwerk-hamburg.de,No public booking deal terms found in reviewed public source,Active,https://stellwerk-hamburg.de/vermietung/,2026-09-23,Medium,General public email,Pitch compact routed club show,Concert hall holds up to 199; venue explicitly supports live performances and public concert rentals.
91,Bandhaus Leipzig,Leipzig,Germany,"Saarländer Str. 17, 04179 Leipzig",https://bandcommunity-leipzig.org,"hardcore, metalcore, metal, punk",180,,,No public booking deal terms found in reviewed public source,Active,https://bandcommunity-leipzig.org/veranstaltungskeller/,2026-09-23,High,Contact form,Pitch DIY/underground routed date,Venue cellar holds up to 180; regular concerts; 2026 programming includes hardcore/metalcore.
92,Moritzbastei,Leipzig,Germany,"Kurt-Masur-Platz 1, 04109 Leipzig",https://www.moritzbastei.de,"metalcore, hardcore-adjacent, rock, alternative",350,,info@moritzbastei.de,No public booking deal terms found in reviewed public source,Active,https://www.morecore.de/party/morecore-party-leipzig-moritzbastei-samstag-31-01-2026,2026-09-23,Medium,General public email,Pitch 250–350 club-scale heavy bill,Oberkeller factsheet gives 150–350 capacity; venue hosted MoreCore hard-floor programming.
93,Tante JU,Dresden,Germany,"An der Schleife 1, 01099 Dresden",https://www.liveclub-dresden.de,"metal, hard rock, rock",500,,,No public booking deal terms found in reviewed public source,Active,https://www.metal.de/locations/tante-ju-108160/,2026-09-23,High,Public venue listing,Pitch eastern-Germany routing stop,500 capacity; 2026 metal listings include Benediction and Blood Incantation.
94,Club From Hell,Erfurt,Germany,"Flughafenstraße 41, 99092 Erfurt-Bindersleben",https://www.clubfromhell.de,"metal, extreme metal, black/death metal",,,Info@clubfromhell.de,No public booking deal terms found in reviewed public source,Active,https://www.clubfromhell.de/events/genre/metal.html,2026-09-23,High,General public email,Pitch extreme-metal/deathcore routing stop,"Dedicated metal program; 2026 listings include Asenblut, Crematory, Eisregen and Macbeth. Capacity not publicly confirmed in reviewed source."
95,Klub 007 Strahov,Prague,Czechia,"Chaloupeckého 1915/7, 169 00 Praha",https://klub007strahov.cz,"hardcore, punk, metal, alternative",180,,,No public booking deal terms found in reviewed public source,Active,https://klub007strahov.cz/informace/,2026-09-23,High,Public contact/form,Pitch intimate Prague metalcore/hardcore date,Official site states 180-person capacity; active 2026 programming.
96,Rock Café Prague,Prague,Czechia,"Národní 20, 110 00 Praha 1",https://www.rockcafe.cz,"metalcore, rock, hardcore, alternative",528,,simon@rockcafe.cz,No public booking deal terms found in reviewed public source,Active,https://prague.eu/en/objevujte/rock-cafe/,2026-09-23,High,General public email,Pitch 500-scale Prague routing date,City tourism lists main music hall at 500; current 2026 program includes metalcore/metal shows.
